{"cameraMode":{"drawMode":0,"name":"Shaded","section":"Shading Mode"},"sceneLighting":false,"audioPlay":false,"sceneViewState":{"showFog":false,"showMaterialUpdate":false,"showSkybox":false,"showFlares":false,"showImageEffects":false,"showParticleSystems":false},"in2DMode":false,"pivot":{"x":-5.38902473449707,"y":1.5056755542755128,"z":5.3915205001831059},"rotation":{"x":-0.02999548241496086,"y":0.002100554062053561,"z":-0.00006304687849478796,"w":-0.9995478987693787},"size":11.790919303894043,"orthographic":false}