{"cameraMode":{"drawMode":0,"name":"Shaded","section":"Shading Mode"},"sceneLighting":false,"audioPlay":false,"sceneViewState":{"showFog":false,"showMaterialUpdate":false,"showSkybox":false,"showFlares":false,"showImageEffects":false,"showParticleSystems":false},"in2DMode":false,"pivot":{"x":5.525799751281738,"y":6.147634506225586,"z":14.338272094726563},"rotation":{"x":0.008808781392872334,"y":-0.2049291729927063,"z":-0.0018444255692884327,"w":-0.9787354469299316},"size":42.898677825927737,"orthographic":false}